Estado,0
Islas Virgenes,61.53846153846154
Alabama,51.13825652415325
Georgia,48.31751509922347
Wyoming,47.82608695652174
Misisipi,46.75540765391015
